name,committee
Adam B. Schiff,1
Adam B. Schiff,6
Adam Kinzinger,69
Adam Kinzinger,71
Adam Kinzinger,73
Adam Kinzinger,74
Adam Smith,6
Adam Smith,27
Adrian Smith,116
Adrian Smith,117
Adrian Smith,118
Adrian Smith,120
Al Franken,130
Al Franken,173
Al Franken,174
Al Franken,175
Al Franken,177
Al Franken,202
Al Franken,203
Al Franken,204
Al Franken,206
Al Franken,207
Al Franken,208
Al Franken,209
Al Franken,210
Al Franken,211
Al Green,35
Al Green,36
Al Green,37
Alan S. Lowenthal,47
Alan S. Lowenthal,48
Alan S. Lowenthal,49
Alan S. Lowenthal,76
Alan S. Lowenthal,77
Alan S. Lowenthal,78
Alan S. Lowenthal,79
Albio Sires,47
Albio Sires,49
Albio Sires,51
Albio Sires,88
Albio Sires,92
Albio Sires,93
Albio Sires,94
Alcee L. Hastings,95
Alcee L. Hastings,96
Alcee L. Hastings,123
Alexander X. Mooney,41
Alexander X. Mooney,76
Alexander X. Mooney,77
Alexander X. Mooney,80
Alma S. Adams,7
Alma S. Adams,8
Alma S. Adams,42
Alma S. Adams,44
Alma S. Adams,45
Alma S. Adams,98
Alma S. Adams,100
Ami Bera,47
Ami Bera,48
Ami Bera,52
Ami Bera,105
Ami Bera,107
Ami Bera,108
Amy Klobuchar,124
Amy Klobuchar,133
Amy Klobuchar,135
Amy Klobuchar,136
Amy Klobuchar,138
Amy Klobuchar,166
Amy Klobuchar,167
Amy Klobuchar,168
Amy Klobuchar,171
Amy Klobuchar,172
Amy Klobuchar,206
Amy Klobuchar,207
Amy Klobuchar,208
Amy Klobuchar,210
Amy Klobuchar,212
Amy Klobuchar,213
André Carson,1
André Carson,2
André Carson,4
André Carson,88
André Carson,90
André Carson,93
Andy Barr,35
Andy Barr,36
Andy Barr,38
Andy Harris,14
Andy Harris,15
Andy Harris,19
Andy Harris,21
"Angus S. King, Jr.",131
"Angus S. King, Jr.",152
"Angus S. King, Jr.",153
"Angus S. King, Jr.",156
"Angus S. King, Jr.",157
"Angus S. King, Jr.",165
"Angus S. King, Jr.",173
"Angus S. King, Jr.",174
"Angus S. King, Jr.",176
"Angus S. King, Jr.",177
"Angus S. King, Jr.",213
Ann M. Kuster,7
Ann M. Kuster,9
Ann M. Kuster,10
Ann M. Kuster,111
Ann M. Kuster,112
Ann M. Kuster,113
Ann Wagner,35
Ann Wagner,37
Ann Wagner,39
Anna G. Eshoo,69
Anna G. Eshoo,73
Aumua Amata Coleman Radewagen,76
Aumua Amata Coleman Radewagen,80
Aumua Amata Coleman Radewagen,81
Aumua Amata Coleman Radewagen,98
Aumua Amata Coleman Radewagen,102
Aumua Amata Coleman Radewagen,103
Aumua Amata Coleman Radewagen,111
Aumua Amata Coleman Radewagen,115
Austin Scott,7
Austin Scott,9
Austin Scott,11
Austin Scott,12
Austin Scott,27
Austin Scott,29
Austin Scott,30
Barbara Comstock,61
Barbara Comstock,88
Barbara Comstock,90
Barbara Comstock,92
Barbara Comstock,93
Barbara Comstock,105
Barbara Comstock,106
Barbara Comstock,109
Barbara Lee,14
Barbara Lee,17
Barbara Lee,19
Barbara Lee,22
Barbara Lee,41
Barry Loudermilk,62
Barry Loudermilk,66
Barry Loudermilk,68
Barry Loudermilk,105
Barry Loudermilk,109
Barry Loudermilk,110
Ben Ray Luján,69
Ben Ray Luján,72
Ben Ray Luján,73
Ben Sasse,124
Ben Sasse,132
Ben Sasse,133
Ben Sasse,135
Ben Sasse,137
Ben Sasse,138
Ben Sasse,159
Ben Sasse,160
Ben Sasse,161
Ben Sasse,164
Ben Sasse,198
Ben Sasse,199
Ben Sasse,200
Ben Sasse,201
Benjamin L. Cardin,123
Benjamin L. Cardin,178
Benjamin L. Cardin,179
Benjamin L. Cardin,181
Benjamin L. Cardin,182
Benjamin L. Cardin,183
Benjamin L. Cardin,185
Benjamin L. Cardin,186
Benjamin L. Cardin,190
Benjamin L. Cardin,191
Benjamin L. Cardin,192
Benjamin L. Cardin,193
Benjamin L. Cardin,194
Benjamin L. Cardin,195
Benjamin L. Cardin,196
Benjamin L. Cardin,197
Benjamin L. Cardin,214
Bennie G. Thompson,62
Bennie G. Thompson,63
Bennie G. Thompson,64
Bennie G. Thompson,65
Bennie G. Thompson,66
Bennie G. Thompson,67
Bennie G. Thompson,68
Bernard Sanders,165
Bernard Sanders,173
Bernard Sanders,174
Bernard Sanders,176
Bernard Sanders,177
Bernard Sanders,178
Bernard Sanders,179
Bernard Sanders,181
Bernard Sanders,182
Bernard Sanders,202
Bernard Sanders,203
Bernard Sanders,205
Bernard Sanders,215
Beto O'Rourke,27
Beto O'Rourke,28
Beto O'Rourke,29
Beto O'Rourke,111
Beto O'Rourke,112
Beto O'Rourke,113
Betty McCollum,14
Betty McCollum,16
Betty McCollum,18
Betty McCollum,26
Bill Cassidy,124
Bill Cassidy,139
Bill Cassidy,143
Bill Cassidy,145
Bill Cassidy,146
Bill Cassidy,147
Bill Cassidy,151
Bill Cassidy,173
Bill Cassidy,174
Bill Cassidy,175
Bill Cassidy,176
Bill Cassidy,202
Bill Cassidy,203
Bill Cassidy,204
Bill Cassidy,205
Bill Cassidy,215
Bill Flores,69
Bill Flores,70
Bill Flores,71
Bill Flores,75
Bill Foster,35
Bill Foster,39
Bill Foster,40
Bill Foster,105
Bill Foster,108
Bill Huizenga,35
Bill Huizenga,39
Bill Huizenga,40
Bill Johnson,41
Bill Johnson,69
Bill Johnson,71
Bill Johnson,73
Bill Johnson,75
Bill Nelson,132
Bill Nelson,152
Bill Nelson,153
Bill Nelson,156
Bill Nelson,158
Bill Nelson,166
Bill Nelson,167
Bill Nelson,168
Bill Nelson,169
Bill Nelson,170
Bill Nelson,171
Bill Nelson,172
Bill Nelson,183
Bill Nelson,186
Bill Nelson,187
Bill Nelson,188
Bill Pascrell Jr.,41
Bill Pascrell Jr.,116
Bill Pascrell Jr.,118
Bill Pascrell Jr.,120
Bill Posey,35
Bill Posey,36
Bill Posey,38
Bill Posey,105
Bill Posey,107
Bill Posey,110
Bill Shuster,27
Bill Shuster,32
Bill Shuster,88
Bill Shuster,89
Bill Shuster,90
Bill Shuster,91
Bill Shuster,92
Bill Shuster,94
Billy Long,69
Billy Long,71
Billy Long,72
Billy Long,73
Blaine Luetkemeyer,35
Blaine Luetkemeyer,36
Blaine Luetkemeyer,38
Blaine Luetkemeyer,98
Blaine Luetkemeyer,101
Blaine Luetkemeyer,102
Blake Farenthold,54
Blake Farenthold,57
Blake Farenthold,59
Blake Farenthold,82
Blake Farenthold,84
Blake Farenthold,85
Blake Farenthold,88
Blake Farenthold,90
Blake Farenthold,92
Blake Farenthold,94
Bob Corker,132
Bob Corker,159
Bob Corker,160
Bob Corker,162
Bob Corker,163
Bob Corker,165
Bob Corker,190
Bob Corker,191
Bob Corker,192
Bob Corker,193
Bob Corker,194
Bob Corker,195
Bob Corker,196
Bob Corker,197
Bob Gibbs,7
Bob Gibbs,8
Bob Gibbs,11
Bob Gibbs,88
Bob Gibbs,89
Bob Gibbs,91
Bob Gibbs,92
Bob Goodlatte,7
Bob Goodlatte,12
Bob Goodlatte,13
Bob Goodlatte,82
Bobby L. Rush,69
Bobby L. Rush,71
Bobby L. Rush,73
Bobby L. Rush,74
Bonnie Watson Coleman,54
Bonnie Watson Coleman,58
Bonnie Watson Coleman,60
Bonnie Watson Coleman,62
Bonnie Watson Coleman,66
Bonnie Watson Coleman,68
Brad R. Wenstrup,1
Brad R. Wenstrup,4
Brad R. Wenstrup,5
Brad R. Wenstrup,27
Brad R. Wenstrup,29
Brad R. Wenstrup,31
Brad R. Wenstrup,111
Brad R. Wenstrup,112
Brad R. Wenstrup,115
Brad Sherman,35
Brad Sherman,38
Brad Sherman,39
Brad Sherman,47
Brad Sherman,48
Brad Sherman,53
Bradley Byrne,27
Bradley Byrne,32
Bradley Byrne,33
Bradley Byrne,42
Bradley Byrne,43
Bradley Byrne,45
Bradley Byrne,95
Bradley Byrne,96
Bradley Byrne,97
Brenda L. Lawrence,54
Brenda L. Lawrence,55
Brenda L. Lawrence,59
Brenda L. Lawrence,98
Brenda L. Lawrence,99
Brenda L. Lawrence,101
Brendan F. Boyle,47
Brendan F. Boyle,50
Brendan F. Boyle,54
Brendan F. Boyle,58
Brendan F. Boyle,60
Brett Guthrie,42
Brett Guthrie,43
Brett Guthrie,45
Brett Guthrie,69
Brett Guthrie,72
Brett Guthrie,73
Brett Guthrie,74
Brian Babin,88
Brian Babin,89
Brian Babin,92
Brian Babin,94
Brian Babin,105
Brian Babin,107
Brian Babin,108
Brian Higgins,47
Brian Higgins,50
Brian Higgins,53
Brian Higgins,62
Brian Higgins,63
Brian Higgins,67
Brian Schatz,129
Brian Schatz,130
Brian Schatz,139
Brian Schatz,141
Brian Schatz,142
Brian Schatz,146
Brian Schatz,147
Brian Schatz,151
Brian Schatz,166
Brian Schatz,167
Brian Schatz,169
Brian Schatz,170
Brian Schatz,171
Brian Schatz,172
Bruce Poliquin,35
Bruce Poliquin,37
Bruce Poliquin,39
Bruce Westerman,41
Bruce Westerman,76
Bruce Westerman,78
Bruce Westerman,80
Bruce Westerman,105
Bruce Westerman,106
Bruce Westerman,108
C. A. Dutch Ruppersberger,14
C. A. Dutch Ruppersberger,16
C. A. Dutch Ruppersberger,17
Carlos Curbelo,42
Carlos Curbelo,45
Carlos Curbelo,46
Carlos Curbelo,88
Carlos Curbelo,90
Carlos Curbelo,91
Carlos Curbelo,93
Carlos Curbelo,98
Carlos Curbelo,101
Carlos Curbelo,102
Carolyn B. Maloney,35
Carolyn B. Maloney,38
Carolyn B. Maloney,39
Carolyn B. Maloney,54
Carolyn B. Maloney,56
Carolyn B. Maloney,124
Cathy McMorris Rodgers,69
Cathy McMorris Rodgers,72
Cedric L. Richmond,62
Cedric L. Richmond,65
Cedric L. Richmond,66
Cedric L. Richmond,82
Cedric L. Richmond,84
Cedric L. Richmond,86
Charles E. Schumer,125
Charles E. Schumer,126
Charles E. Schumer,128
Charles E. Schumer,159
Charles E. Schumer,160
Charles E. Schumer,162
Charles E. Schumer,163
Charles E. Schumer,183
Charles E. Schumer,184
Charles E. Schumer,186
Charles E. Schumer,188
Charles E. Schumer,206
Charles E. Schumer,208
Charles E. Schumer,210
Charles E. Schumer,211
Charles E. Schumer,212
Charles E. Schumer,213
"Charles J. ""Chuck"" Fleischmann",14
"Charles J. ""Chuck"" Fleischmann",19
"Charles J. ""Chuck"" Fleischmann",20
"Charles J. ""Chuck"" Fleischmann",21
Charles W. Dent,14
Charles W. Dent,17
Charles W. Dent,19
Charles W. Dent,22
Charles W. Dent,104
Chellie Pingree,14
Chellie Pingree,15
Chellie Pingree,18
Cheri Bustos,7
Cheri Bustos,11
Cheri Bustos,13
Cheri Bustos,88
Cheri Bustos,90
Cheri Bustos,92
Chris Collins,69
Chris Collins,70
Chris Collins,72
Chris Collins,73
Chris Stewart,1
Chris Stewart,4
Chris Stewart,5
Chris Stewart,14
Chris Stewart,17
Chris Stewart,18
Chris Stewart,21
Chris Van Hollen,41
Christopher A. Coons,129
Christopher A. Coons,139
Christopher A. Coons,144
Christopher A. Coons,148
Christopher A. Coons,149
Christopher A. Coons,150
Christopher A. Coons,151
Christopher A. Coons,190
Christopher A. Coons,192
Christopher A. Coons,195
Christopher A. Coons,196
Christopher A. Coons,206
Christopher A. Coons,207
Christopher A. Coons,209
Christopher A. Coons,211
Christopher A. Coons,212
Christopher A. Coons,214
Christopher H. Smith,47
Christopher H. Smith,49
Christopher H. Smith,52
Christopher H. Smith,123
Christopher Murphy,139
Christopher Murphy,142
Christopher Murphy,144
Christopher Murphy,147
Christopher Murphy,148
Christopher Murphy,151
Christopher Murphy,190
Christopher Murphy,191
Christopher Murphy,194
Christopher Murphy,196
Christopher Murphy,202
Christopher Murphy,205
Chuck Grassley,127
Chuck Grassley,128
Chuck Grassley,133
Chuck Grassley,134
Chuck Grassley,135
Chuck Grassley,138
Chuck Grassley,165
Chuck Grassley,183
Chuck Grassley,185
Chuck Grassley,187
Chuck Grassley,188
Chuck Grassley,206
Chuck Grassley,207
Chuck Grassley,208
Chuck Grassley,212
Claire McCaskill,132
Claire McCaskill,152
Claire McCaskill,154
Claire McCaskill,155
Claire McCaskill,157
Claire McCaskill,166
Claire McCaskill,168
Claire McCaskill,171
Claire McCaskill,172
Claire McCaskill,198
Claire McCaskill,199
Claire McCaskill,200
Collin C. Peterson,7
Cory A. Booker,166
Cory A. Booker,167
Cory A. Booker,168
Cory A. Booker,169
Cory A. Booker,170
Cory A. Booker,171
Cory A. Booker,172
Cory A. Booker,178
Cory A. Booker,180
Cory A. Booker,182
Cory A. Booker,198
Cory A. Booker,200
Cory A. Booker,201
Cory A. Booker,214
Cory Gardner,166
Cory Gardner,167
Cory Gardner,168
Cory Gardner,170
Cory Gardner,172
Cory Gardner,173
Cory Gardner,174
Cory Gardner,175
Cory Gardner,177
Cory Gardner,190
Cory Gardner,191
Cory Gardner,192
Cory Gardner,193
Cory Gardner,197
Cory Gardner,214
Dan Newhouse,7
Dan Newhouse,9
Dan Newhouse,13
Dan Newhouse,76
Dan Newhouse,78
Dan Newhouse,79
Dan Newhouse,95
Dan Newhouse,96
Dan Newhouse,97
Dana Rohrabacher,47
Dana Rohrabacher,48
Dana Rohrabacher,51
Dana Rohrabacher,105
Dana Rohrabacher,107
Dana Rohrabacher,109
Daniel Lipinski,88
Daniel Lipinski,90
Daniel Lipinski,92
Daniel Lipinski,94
Daniel Lipinski,105
Daniel Lipinski,106
Daniel Lipinski,109
Daniel M. Donovan Jr.,47
Daniel M. Donovan Jr.,49
Daniel M. Donovan Jr.,52
Daniel M. Donovan Jr.,62
Daniel M. Donovan Jr.,65
Daniel M. Donovan Jr.,68
Daniel Sullivan,152
Daniel Sullivan,153
Daniel Sullivan,154
Daniel Sullivan,157
Daniel Sullivan,166
Daniel Sullivan,167
Daniel Sullivan,169
Daniel Sullivan,170
Daniel Sullivan,171
Daniel Sullivan,172
Daniel Sullivan,178
Daniel Sullivan,180
Daniel Sullivan,182
Daniel Sullivan,215
Daniel T. Kildee,35
Daniel T. Kildee,36
Daniel T. Kildee,40
Daniel Webster,88
Daniel Webster,89
Daniel Webster,92
Daniel Webster,94
Danny K. Davis,116
Danny K. Davis,118
Danny K. Davis,119
Danny K. Davis,122
Darin LaHood,76
Darin LaHood,78
Darin LaHood,80
Darin LaHood,105
Darin LaHood,106
Darin LaHood,110
Darrell E. Issa,47
Darrell E. Issa,50
Darrell E. Issa,53
Darrell E. Issa,82
Darrell E. Issa,84
Darrell E. Issa,85
Dave Brat,41
Dave Brat,42
Dave Brat,44
Dave Brat,46
Dave Brat,98
Dave Brat,101
Dave Brat,103
David A. Trott,47
David A. Trott,50
David A. Trott,51
David A. Trott,82
David A. Trott,83
David A. Trott,85
David B. McKinley,69
David B. McKinley,70
David B. McKinley,71
David B. McKinley,75
David E. Price,14
David E. Price,21
David E. Price,22
David E. Price,24
David G. Reichert,116
David G. Reichert,119
David G. Reichert,120
David G. Reichert,121
David G. Valadao,14
David G. Valadao,15
David G. Valadao,20
David G. Valadao,22
David Loebsack,69
David Loebsack,71
David Loebsack,73
David N. Cicilline,47
David N. Cicilline,50
David N. Cicilline,52
David N. Cicilline,82
David N. Cicilline,84
David N. Cicilline,85
David P. Joyce,14
David P. Joyce,18
David P. Joyce,22
David P. Joyce,24
David P. Roe,42
David P. Roe,43
David P. Roe,45
David P. Roe,111
David P. Roe,112
David P. Roe,113
David Perdue,132
David Perdue,133
David Perdue,134
David Perdue,135
David Perdue,136
David Perdue,165
David Perdue,190
David Perdue,193
David Perdue,194
David Perdue,196
David Perdue,197
David Perdue,206
David Perdue,207
David Perdue,208
David Perdue,211
David Rouzer,7
David Rouzer,8
David Rouzer,13
David Rouzer,88
David Rouzer,89
David Rouzer,91
David Rouzer,93
David Schweikert,35
David Schweikert,39
David Schweikert,40
David Scott,7
David Scott,11
David Scott,12
David Scott,35
David Scott,38
David Scott,39
David Young,14
David Young,15
David Young,21
David Young,24
Dean Heller,132
Dean Heller,159
Dean Heller,162
Dean Heller,163
Dean Heller,164
Dean Heller,166
Dean Heller,167
Dean Heller,168
Dean Heller,171
Dean Heller,172
Dean Heller,183
Dean Heller,184
Dean Heller,185
Dean Heller,186
Dean Heller,215
Deb Fischer,152
Deb Fischer,155
Deb Fischer,156
Deb Fischer,158
Deb Fischer,166
Deb Fischer,167
Deb Fischer,168
Deb Fischer,171
Deb Fischer,172
Deb Fischer,178
Deb Fischer,179
Deb Fischer,181
Deb Fischer,182
Deb Fischer,214
Debbie Dingell,41
Debbie Dingell,76
Debbie Dingell,78
Debbie Dingell,79
Debbie Dingell,80
Debbie Stabenow,127
Debbie Stabenow,133
Debbie Stabenow,134
Debbie Stabenow,135
Debbie Stabenow,136
Debbie Stabenow,137
Debbie Stabenow,138
Debbie Stabenow,165
Debbie Stabenow,173
Debbie Stabenow,174
Debbie Stabenow,175
Debbie Stabenow,176
Debbie Stabenow,183
Debbie Stabenow,185
Debbie Stabenow,188
Debbie Wasserman Schultz,14
Debbie Wasserman Schultz,17
Debbie Wasserman Schultz,26
Dennis A. Ross,35
Dennis A. Ross,36
Dennis A. Ross,39
Denny Heck,35
Denny Heck,37
Denny Heck,38
Denny Heck,40
Derek Kilmer,14
Derek Kilmer,18
Derek Kilmer,23
Devin Nunes,1
Devin Nunes,116
Devin Nunes,118
Devin Nunes,120
Diana DeGette,69
Diana DeGette,70
Diana DeGette,73
Diana DeGette,75
Diane Black,41
Diane Black,116
Diane Black,118
Dianne Feinstein,128
Dianne Feinstein,131
Dianne Feinstein,139
Dianne Feinstein,140
Dianne Feinstein,141
Dianne Feinstein,144
Dianne Feinstein,145
Dianne Feinstein,149
Dianne Feinstein,151
Dianne Feinstein,206
Dianne Feinstein,208
Dianne Feinstein,211
Dianne Feinstein,212
Dianne Feinstein,213
Dina Titus,88
Dina Titus,89
Dina Titus,90
Dina Titus,92
Dina Titus,93
Dina Titus,111
Dina Titus,114
Dina Titus,115
Don Young,76
Don Young,78
Don Young,79
Don Young,81
Don Young,88
Don Young,90
Don Young,91
Don Young,92
Donald M. Payne Jr.,62
Donald M. Payne Jr.,64
Donald M. Payne Jr.,68
Donald M. Payne Jr.,98
Donald M. Payne Jr.,103
Donald Norcross,27
Donald Norcross,31
Donald Norcross,32
Donald Norcross,41
Donald S. Beyer Jr.,76
Donald S. Beyer Jr.,77
Donald S. Beyer Jr.,78
Donald S. Beyer Jr.,105
Donald S. Beyer Jr.,107
Donald S. Beyer Jr.,110
Doris O. Matsui,69
Doris O. Matsui,72
Doris O. Matsui,73
Doug Collins,82
Doug Collins,84
Doug Collins,85
Doug Collins,95
Doug Collins,97
Doug LaMalfa,7
Doug LaMalfa,11
Doug LaMalfa,12
Doug LaMalfa,76
Doug LaMalfa,78
Doug LaMalfa,79
Doug LaMalfa,81
Doug Lamborn,27
Doug Lamborn,32
Doug Lamborn,34
Doug Lamborn,76
Doug Lamborn,77
Doug Lamborn,80
Doug Lamborn,111
Doug Lamborn,113
Doug Lamborn,114
Duncan Hunter,27
Duncan Hunter,32
Duncan Hunter,33
Duncan Hunter,42
Duncan Hunter,44
Duncan Hunter,46
Duncan Hunter,88
Duncan Hunter,89
Duncan Hunter,91
Duncan Hunter,92
Earl Blumenauer,116
Earl Blumenauer,117
Earl Blumenauer,118
Earl Blumenauer,120
"Earl L. ""Buddy"" Carter",42
"Earl L. ""Buddy"" Carter",43
"Earl L. ""Buddy"" Carter",46
"Earl L. ""Buddy"" Carter",54
"Earl L. ""Buddy"" Carter",56
"Earl L. ""Buddy"" Carter",58
"Earl L. ""Buddy"" Carter",62
"Earl L. ""Buddy"" Carter",64
"Earl L. ""Buddy"" Carter",66
Ed Perlmutter,35
Ed Perlmutter,39
Ed Perlmutter,40
Ed Perlmutter,105
Ed Perlmutter,107
Ed Perlmutter,109
Eddie Bernice Johnson,88
Eddie Bernice Johnson,89
Eddie Bernice Johnson,90
Eddie Bernice Johnson,92
Eddie Bernice Johnson,105
Eddie Bernice Johnson,106
Eddie Bernice Johnson,107
Eddie Bernice Johnson,108
Eddie Bernice Johnson,109
Eddie Bernice Johnson,110
Edward J. Markey,166
Edward J. Markey,167
Edward J. Markey,168
Edward J. Markey,169
Edward J. Markey,170
Edward J. Markey,171
Edward J. Markey,172
Edward J. Markey,178
Edward J. Markey,180
Edward J. Markey,181
Edward J. Markey,182
Edward J. Markey,190
Edward J. Markey,191
Edward J. Markey,193
Edward J. Markey,195
Edward J. Markey,197
Edward J. Markey,214
Edward R. Royce,35
Edward R. Royce,36
Edward R. Royce,39
Edward R. Royce,47
Eleanor Holmes Norton,54
Eleanor Holmes Norton,56
Eleanor Holmes Norton,58
Eleanor Holmes Norton,88
Eleanor Holmes Norton,89
Eleanor Holmes Norton,90
Eleanor Holmes Norton,92
Eleanor Holmes Norton,93
Elijah E. Cummings,6
Elijah E. Cummings,54
Elijah E. Cummings,88
Elijah E. Cummings,91
Elijah E. Cummings,94
Elijah E. Cummings,124
Eliot L. Engel,47
Eliot L. Engel,69
Eliot L. Engel,71
Eliot L. Engel,72
Elise M. Stefanik,27
Elise M. Stefanik,28
Elise M. Stefanik,29
Elise M. Stefanik,32
Elise M. Stefanik,42
Elise M. Stefanik,44
Elise M. Stefanik,45
Elizabeth H. Esty,88
Elizabeth H. Esty,89
Elizabeth H. Esty,92
Elizabeth H. Esty,94
Elizabeth H. Esty,105
Elizabeth H. Esty,106
Elizabeth Warren,132
Elizabeth Warren,159
Elizabeth Warren,160
Elizabeth Warren,162
Elizabeth Warren,164
Elizabeth Warren,173
Elizabeth Warren,174
Elizabeth Warren,175
Elizabeth Warren,176
Elizabeth Warren,202
Elizabeth Warren,205
Emanuel Cleaver,35
Emanuel Cleaver,36
Emanuel Cleaver,37
"Eric A. ""Rick"" Crawford",7
"Eric A. ""Rick"" Crawford",8
"Eric A. ""Rick"" Crawford",11
"Eric A. ""Rick"" Crawford",88
"Eric A. ""Rick"" Crawford",89
"Eric A. ""Rick"" Crawford",92
"Eric A. ""Rick"" Crawford",93
Eric Swalwell,1
Eric Swalwell,2
Eric Swalwell,5
Eric Swalwell,105
Eric Swalwell,106
Eric Swalwell,109
Erik Paulsen,116
Erik Paulsen,118
Erik Paulsen,120
Erik Paulsen,124
Evan H. Jenkins,14
Evan H. Jenkins,18
Evan H. Jenkins,24
Evan H. Jenkins,26
F. James Sensenbrenner Jr.,82
F. James Sensenbrenner Jr.,84
F. James Sensenbrenner Jr.,86
F. James Sensenbrenner Jr.,105
F. James Sensenbrenner Jr.,108
F. James Sensenbrenner Jr.,110
Filemon Vela,7
Filemon Vela,12
Filemon Vela,13
Filemon Vela,62
Filemon Vela,63
Filemon Vela,67
Frank A. LoBiondo,1
Frank A. LoBiondo,2
Frank A. LoBiondo,4
Frank A. LoBiondo,27
Frank A. LoBiondo,29
Frank A. LoBiondo,31
Frank A. LoBiondo,88
Frank A. LoBiondo,90
Frank A. LoBiondo,91
Frank A. LoBiondo,92
Frank D. Lucas,7
Frank D. Lucas,10
Frank D. Lucas,11
Frank D. Lucas,12
Frank D. Lucas,35
Frank D. Lucas,38
Frank D. Lucas,40
Frank D. Lucas,105
Frank D. Lucas,106
Frank D. Lucas,107
Frank Pallone Jr.,69
Frank Pallone Jr.,70
Frank Pallone Jr.,71
Frank Pallone Jr.,72
Frank Pallone Jr.,73
Frank Pallone Jr.,74
Frank Pallone Jr.,75
Fred Upton,69
Fred Upton,70
Fred Upton,71
Fred Upton,72
Fred Upton,73
Fred Upton,74
Fred Upton,75
Frederica S. Wilson,42
Frederica S. Wilson,43
Frederica S. Wilson,44
G. K. Butterfield,69
G. K. Butterfield,72
G. K. Butterfield,73
G. K. Butterfield,74
Garret Graves,76
Garret Graves,77
Garret Graves,79
Garret Graves,88
Garret Graves,89
Garret Graves,91
Garret Graves,92
Gary C. Peters,124
Gary C. Peters,166
Gary C. Peters,167
Gary C. Peters,169
Gary C. Peters,170
Gary C. Peters,172
Gary C. Peters,198
Gary C. Peters,200
Gary C. Peters,201
Gary C. Peters,214
Gary J. Palmer,41
Gary J. Palmer,54
Gary J. Palmer,59
Gary J. Palmer,105
Gary J. Palmer,106
Gary J. Palmer,108
Gene Green,69
Gene Green,70
Gene Green,71
Gene Green,72
Gene Green,75
George Holding,116
George Holding,121
George Holding,122
Gerald E. Connolly,47
Gerald E. Connolly,48
Gerald E. Connolly,50
Gerald E. Connolly,54
Gerald E. Connolly,56
Gerald E. Connolly,57
Glenn Grothman,41
Glenn Grothman,42
Glenn Grothman,43
Glenn Grothman,46
Glenn Grothman,54
Glenn Grothman,56
Glenn Grothman,60
Glenn Thompson,7
Glenn Thompson,8
Glenn Thompson,9
Glenn Thompson,10
Glenn Thompson,42
Glenn Thompson,44
Glenn Thompson,46
Glenn Thompson,76
Glenn Thompson,77
Glenn Thompson,78
Grace F. Napolitano,76
Grace F. Napolitano,79
Grace F. Napolitano,88
Grace F. Napolitano,89
Grace F. Napolitano,92
Grace F. Napolitano,94
Grace Meng,47
Grace Meng,48
Grace Meng,50
Grace Meng,98
Grace Meng,101
Greg Walden,69
Greg Walden,73
Gregg Harper,61
Gregg Harper,69
Gregg Harper,71
Gregg Harper,74
Gregg Harper,75
Gregg Harper,125
Gregg Harper,126
Gregorio Kilili Camacho Sablan,42
Gregorio Kilili Camacho Sablan,43
Gregorio Kilili Camacho Sablan,46
Gregorio Kilili Camacho Sablan,76
Gregorio Kilili Camacho Sablan,79
Gregorio Kilili Camacho Sablan,81
Gregory W. Meeks,35
Gregory W. Meeks,38
Gregory W. Meeks,39
Gregory W. Meeks,47
Gregory W. Meeks,49
Gregory W. Meeks,51
Gus M. Bilirakis,69
Gus M. Bilirakis,72
Gus M. Bilirakis,73
Gus M. Bilirakis,74
Gus M. Bilirakis,111
Gus M. Bilirakis,112
Gwen Moore,35
Gwen Moore,36
Gwen Moore,40
Gwen Moore,41
H. Morgan Griffith,69
H. Morgan Griffith,70
H. Morgan Griffith,71
H. Morgan Griffith,72
Hakeem S. Jeffries,42
Hakeem S. Jeffries,43
Hakeem S. Jeffries,45
Hakeem S. Jeffries,82
Hakeem S. Jeffries,84
Hakeem S. Jeffries,85
Harold Rogers,14
Heidi Heitkamp,130
Heidi Heitkamp,133
Heidi Heitkamp,134
Heidi Heitkamp,135
Heidi Heitkamp,136
Heidi Heitkamp,159
Heidi Heitkamp,161
Heidi Heitkamp,163
Heidi Heitkamp,164
Heidi Heitkamp,198
Heidi Heitkamp,199
Heidi Heitkamp,201
Heidi Heitkamp,214
"Henry C. ""Hank"" Johnson Jr.",27
"Henry C. ""Hank"" Johnson Jr.",30
"Henry C. ""Hank"" Johnson Jr.",31
"Henry C. ""Hank"" Johnson Jr.",33
"Henry C. ""Hank"" Johnson Jr.",82
"Henry C. ""Hank"" Johnson Jr.",84
"Henry C. ""Hank"" Johnson Jr.",85
Henry Cuellar,14
Henry Cuellar,21
Henry Cuellar,24
Ileana Ros-Lehtinen,1
Ileana Ros-Lehtinen,3
Ileana Ros-Lehtinen,5
Ileana Ros-Lehtinen,47
Ileana Ros-Lehtinen,49
Ileana Ros-Lehtinen,50
J. French Hill,35
J. French Hill,37
J. French Hill,39
Jack Reed,131
Jack Reed,139
Jack Reed,141
Jack Reed,144
Jack Reed,145
Jack Reed,146
Jack Reed,147
Jack Reed,151
Jack Reed,152
Jack Reed,153
Jack Reed,154
Jack Reed,155
Jack Reed,156
Jack Reed,157
Jack Reed,158
Jack Reed,159
Jack Reed,160
Jack Reed,162
Jack Reed,163
Jackie Speier,1
Jackie Speier,3
Jackie Speier,4
Jackie Speier,27
Jackie Speier,28
Jackie Speier,30
Jackie Walorski,7
Jackie Walorski,8
Jackie Walorski,11
Jackie Walorski,27
Jackie Walorski,31
Jackie Walorski,33
Jackie Walorski,111
Jackie Walorski,113
Jaime Herrera Beutler,14
Jaime Herrera Beutler,20
Jaime Herrera Beutler,23
Jaime Herrera Beutler,25
James A. Himes,1
James A. Himes,2
James A. Himes,3
James A. Himes,35
James A. Himes,39
James A. Himes,40
James B. Renacci,41
James B. Renacci,116
James B. Renacci,117
James B. Renacci,121
James E. Risch,128
James E. Risch,129
James E. Risch,131
James E. Risch,173
James E. Risch,174
James E. Risch,175
James E. Risch,177
James E. Risch,190
James E. Risch,191
James E. Risch,194
James E. Risch,196
James E. Risch,197
James E. Risch,214
James Lankford,130
James Lankford,131
James Lankford,139
James Lankford,144
James Lankford,146
James Lankford,148
James Lankford,149
James Lankford,150
James Lankford,198
James Lankford,199
James Lankford,200
James Lankford,201
James M. Inhofe,152
James M. Inhofe,154
James M. Inhofe,155
James M. Inhofe,156
James M. Inhofe,178
James M. Inhofe,179
James M. Inhofe,180
James M. Inhofe,181
James M. Inhofe,182
James P. McGovern,7
James P. McGovern,8
James P. McGovern,9
James P. McGovern,95
James P. McGovern,97
James R. Langevin,27
James R. Langevin,32
James R. Langevin,33
James R. Langevin,62
James R. Langevin,65
Janice D. Schakowsky,69
Janice D. Schakowsky,70
Janice D. Schakowsky,72
Janice D. Schakowsky,74
Jared Huffman,76
Jared Huffman,78
Jared Huffman,79
Jared Huffman,80
Jared Huffman,88
Jared Huffman,89
Jared Huffman,92
Jared Polis,42
Jared Polis,43
Jared Polis,45
Jared Polis,76
Jared Polis,77
Jared Polis,78
Jared Polis,80
Jared Polis,95
Jared Polis,96
Jason Chaffetz,54
Jason Chaffetz,82
Jason Chaffetz,84
Jason Chaffetz,86
Jason Smith,116
Jason Smith,119
Jason Smith,122
Jeanne Shaheen,123
Jeanne Shaheen,139
Jeanne Shaheen,143
Jeanne Shaheen,144
Jeanne Shaheen,146
Jeanne Shaheen,148
Jeanne Shaheen,149
Jeanne Shaheen,152
Jeanne Shaheen,153
Jeanne Shaheen,155
Jeanne Shaheen,158
Jeanne Shaheen,190
Jeanne Shaheen,191
Jeanne Shaheen,194
Jeanne Shaheen,197
Jeanne Shaheen,214
Jeb Hensarling,35
Jeb Hensarling,36
Jeb Hensarling,37
Jeb Hensarling,38
Jeb Hensarling,39
Jeb Hensarling,40
Jeff Denham,7
Jeff Denham,9
Jeff Denham,11
Jeff Denham,76
Jeff Denham,79
Jeff Denham,81
Jeff Denham,88
Jeff Denham,89
Jeff Denham,92
Jeff Denham,94
Jeff Duncan,47
Jeff Duncan,48
Jeff Duncan,49
Jeff Duncan,62
Jeff Duncan,66
Jeff Duncan,67
Jeff Duncan,76
Jeff Duncan,77
Jeff Duncan,79
Jeff Flake,132
Jeff Flake,173
Jeff Flake,174
Jeff Flake,175
Jeff Flake,177
Jeff Flake,190
Jeff Flake,192
Jeff Flake,193
Jeff Flake,195
Jeff Flake,197
Jeff Flake,206
Jeff Flake,210
Jeff Flake,211
Jeff Flake,212
Jeff Fortenberry,14
Jeff Fortenberry,17
Jeff Fortenberry,20
Jeff Fortenberry,22
Jeff Merkley,139
Jeff Merkley,140
Jeff Merkley,145
Jeff Merkley,146
Jeff Merkley,148
Jeff Merkley,149
Jeff Merkley,159
Jeff Merkley,162
Jeff Merkley,163
Jeff Merkley,164
Jeff Merkley,165
Jeff Merkley,178
Jeff Merkley,179
Jeff Merkley,180
Jeff Merkley,181
Jeff Sessions,128
Jeff Sessions,152
Jeff Sessions,153
Jeff Sessions,154
Jeff Sessions,156
Jeff Sessions,165
Jeff Sessions,178
Jeff Sessions,179
Jeff Sessions,181
Jeff Sessions,182
Jeff Sessions,206
Jeff Sessions,208
Jeff Sessions,210
Jeff Sessions,212
Jerrold Nadler,82
Jerrold Nadler,84
Jerrold Nadler,87
Jerrold Nadler,88
Jerrold Nadler,92
Jerrold Nadler,94
Jerry McNerney,69
Jerry McNerney,71
Jerry McNerney,73
Jerry McNerney,75
Jerry McNerney,111
Jerry McNerney,115
Jerry Moran,130
Jerry Moran,139
Jerry Moran,140
Jerry Moran,141
Jerry Moran,142
Jerry Moran,146
Jerry Moran,148
Jerry Moran,150
Jerry Moran,159
Jerry Moran,160
Jerry Moran,163
Jerry Moran,164
Jerry Moran,166
Jerry Moran,167
Jerry Moran,168
Jerry Moran,170
Jerry Moran,171
Jerry Moran,172
Jerry Moran,215
Jim Bridenstine,27
Jim Bridenstine,33
Jim Bridenstine,34
Jim Bridenstine,105
Jim Bridenstine,107
Jim Bridenstine,108
Jim Cooper,27
Jim Cooper,30
Jim Cooper,32
Jim Cooper,34
Jim Cooper,54
Jim Cooper,58
Jim Costa,7
Jim Costa,11
Jim Costa,13
Jim Costa,76
Jim Costa,77
Jim Costa,79
Jim Jordan,6
Jim Jordan,54
Jim Jordan,56
Jim Jordan,58
Jim Jordan,82
Jim Jordan,84
Jim Jordan,87
Joaquin Castro,1
Joaquin Castro,2
Joaquin Castro,5
Joaquin Castro,47
Joaquin Castro,49
Joaquin Castro,53
Jody B. Hice,54
Jody B. Hice,55
Jody B. Hice,58
Jody B. Hice,76
Jody B. Hice,77
Jody B. Hice,78
Jody B. Hice,80
Joe Barton,69
Joe Barton,70
Joe Barton,71
Joe Barton,72
Joe Barton,73
Joe Courtney,27
Joe Courtney,29
Joe Courtney,33
Joe Courtney,42
Joe Courtney,43
Joe Courtney,45
Joe Donnelly,132
Joe Donnelly,133
Joe Donnelly,134
Joe Donnelly,136
Joe Donnelly,138
Joe Donnelly,152
Joe Donnelly,154
Joe Donnelly,156
Joe Donnelly,158
Joe Donnelly,159
Joe Donnelly,160
Joe Donnelly,162
Joe Donnelly,163
"Joe Manchin, III",152
"Joe Manchin, III",154
"Joe Manchin, III",156
"Joe Manchin, III",158
"Joe Manchin, III",166
"Joe Manchin, III",167
"Joe Manchin, III",172
"Joe Manchin, III",173
"Joe Manchin, III",174
"Joe Manchin, III",175
"Joe Manchin, III",177
"Joe Manchin, III",215
Joe Wilson,27
Joe Wilson,31
Joe Wilson,32
Joe Wilson,42
Joe Wilson,43
Joe Wilson,47
Joe Wilson,50
Joe Wilson,53
John A. Yarmuth,41
John A. Yarmuth,69
John A. Yarmuth,70
John A. Yarmuth,71
John A. Yarmuth,73
John Abney Culberson,14
John Abney Culberson,21
John Abney Culberson,23
John Abney Culberson,24
John B. Larson,104
John B. Larson,116
John B. Larson,117
John B. Larson,121
John Barrasso,130
John Barrasso,173
John Barrasso,175
John Barrasso,176
John Barrasso,177
John Barrasso,178
John Barrasso,179
John Barrasso,181
John Barrasso,182
John Barrasso,190
John Barrasso,191
John Barrasso,195
John Barrasso,197
John Boozman,123
John Boozman,126
John Boozman,133
John Boozman,134
John Boozman,135
John Boozman,137
John Boozman,139
John Boozman,144
John Boozman,147
John Boozman,148
John Boozman,150
John Boozman,151
John Boozman,178
John Boozman,179
John Boozman,180
John Boozman,182
John Boozman,213
John Boozman,215
John Conyers Jr.,82
John Cornyn,128
John Cornyn,183
John Cornyn,186
John Cornyn,187
John Cornyn,188
John Cornyn,206
John Cornyn,208
John Cornyn,209
John Cornyn,210
John Garamendi,27
John Garamendi,32
John Garamendi,34
John Garamendi,88
John Garamendi,89
John Garamendi,90
John Garamendi,91
John Hoeven,130
John Hoeven,133
John Hoeven,134
John Hoeven,136
John Hoeven,137
John Hoeven,139
John Hoeven,140
John Hoeven,143
John Hoeven,145
John Hoeven,147
John Hoeven,149
John Hoeven,173
John Hoeven,174
John Hoeven,175
John Hoeven,176
John J. Duncan Jr.,54
John J. Duncan Jr.,55
John J. Duncan Jr.,60
John J. Duncan Jr.,88
John J. Duncan Jr.,90
John J. Duncan Jr.,92
John J. Duncan Jr.,94
John K. Delaney,35
John K. Delaney,37
John K. Delaney,38
John K. Delaney,124
John Katko,62
John Katko,63
John Katko,64
John Katko,88
John Katko,89
John Katko,92
John Katko,94
John Lewis,116
John Lewis,118
John Lewis,119
John Lewis,122
John McCain,130
John McCain,131
John McCain,152
John McCain,153
John McCain,154
John McCain,155
John McCain,156
John McCain,157
John McCain,158
John McCain,198
John McCain,199
John McCain,201
John P. Sarbanes,69
John P. Sarbanes,71
John P. Sarbanes,72
John R. Carter,14
John R. Carter,16
John R. Carter,21
John R. Carter,23
John R. Moolenaar,7
John R. Moolenaar,8
John R. Moolenaar,9
John R. Moolenaar,41
John R. Moolenaar,105
John R. Moolenaar,106
John R. Moolenaar,108
John Ratcliffe,62
John Ratcliffe,64
John Ratcliffe,65
John Ratcliffe,82
John Ratcliffe,83
John Ratcliffe,85
John Shimkus,69
John Shimkus,71
John Shimkus,72
John Shimkus,73
John Shimkus,75
John Thune,133
John Thune,134
John Thune,136
John Thune,138
John Thune,166
John Thune,167
John Thune,168
John Thune,169
John Thune,170
John Thune,171
John Thune,172
John Thune,183
John Thune,186
John Thune,187
John Thune,188
Johnny Isakson,129
Johnny Isakson,183
Johnny Isakson,184
Johnny Isakson,186
Johnny Isakson,188
Johnny Isakson,190
Johnny Isakson,192
Johnny Isakson,193
Johnny Isakson,195
Johnny Isakson,196
Johnny Isakson,202
Johnny Isakson,204
Johnny Isakson,215
Jon Tester,130
Jon Tester,139
Jon Tester,140
Jon Tester,141
Jon Tester,143
Jon Tester,145
Jon Tester,147
Jon Tester,149
Jon Tester,159
Jon Tester,160
Jon Tester,163
Jon Tester,164
Jon Tester,198
Jon Tester,199
Jon Tester,201
Jon Tester,215
Joni Ernst,133
Joni Ernst,136
Joni Ernst,137
Joni Ernst,138
Joni Ernst,152
Joni Ernst,154
Joni Ernst,155
Joni Ernst,158
Joni Ernst,198
Joni Ernst,200
Joni Ernst,201
Joni Ernst,214
José E. Serrano,14
José E. Serrano,17
José E. Serrano,23
José E. Serrano,25
Joseph Crowley,116
Joseph Crowley,119
Joseph Crowley,122
Joseph P. Kennedy III,69
Joseph P. Kennedy III,70
Joseph P. Kennedy III,72
Joseph P. Kennedy III,74
Joyce Beatty,35
Joyce Beatty,36
Joyce Beatty,37
Juan Vargas,35
Juan Vargas,37
Juan Vargas,38
Juan Vargas,61
Juan Vargas,126
Judy Chu,82
Judy Chu,84
Judy Chu,86
Judy Chu,98
Judy Chu,99
Judy Chu,102
Judy Chu,103
Julia Brownley,88
Julia Brownley,90
Julia Brownley,91
Julia Brownley,92
Julia Brownley,111
Julia Brownley,112
Julia Brownley,114
Justin Amash,54
Justin Amash,60
Justin Amash,124
K. Michael Conaway,1
K. Michael Conaway,2
K. Michael Conaway,3
K. Michael Conaway,7
K. Michael Conaway,27
K. Michael Conaway,30
K. Michael Conaway,33
Karen Bass,47
Karen Bass,52
Karen Bass,82
Karen Bass,84
Karen Bass,86
Katherine M. Clark,42
Katherine M. Clark,44
Katherine M. Clark,46
Katherine M. Clark,105
Katherine M. Clark,106
Katherine M. Clark,109
Kathleen M. Rice,62
Kathleen M. Rice,64
Kathleen M. Rice,68
Kathleen M. Rice,111
Kathleen M. Rice,113
Kathleen M. Rice,115
Kathy Castor,41
Kathy Castor,69
Kathy Castor,70
Kathy Castor,71
Kathy Castor,72
Kay Granger,14
Kay Granger,16
Kay Granger,17
Kay Granger,20
Keith Ellison,35
Keith Ellison,36
Keith Ellison,37
Keith Ellison,39
Keith J. Rothfus,35
Keith J. Rothfus,36
Keith J. Rothfus,38
Ken Buck,54
Ken Buck,56
Ken Buck,59
Ken Buck,82
Ken Buck,83
Ken Buck,86
Ken Calvert,14
Ken Calvert,16
Ken Calvert,18
Ken Calvert,20
Kenny Marchant,104
Kenny Marchant,116
Kenny Marchant,118
Kenny Marchant,120
Kenny Marchant,122
Kevin Brady,116
Kevin Brady,124
Kevin Brady,127
Kevin Cramer,69
Kevin Cramer,70
Kevin Cramer,73
Kevin Cramer,75
Kevin Yoder,14
Kevin Yoder,15
Kevin Yoder,24
Kevin Yoder,25
Kirsten E. Gillibrand,132
Kirsten E. Gillibrand,133
Kirsten E. Gillibrand,134
Kirsten E. Gillibrand,137
Kirsten E. Gillibrand,138
Kirsten E. Gillibrand,152
Kirsten E. Gillibrand,154
Kirsten E. Gillibrand,157
Kirsten E. Gillibrand,158
Kirsten E. Gillibrand,178
Kirsten E. Gillibrand,179
Kirsten E. Gillibrand,182
Kristi L. Noem,116
Kristi L. Noem,119
Kristi L. Noem,121
Kurt Schrader,69
Kurt Schrader,72
Kurt Schrader,75
Kyrsten Sinema,35
Kyrsten Sinema,37
Kyrsten Sinema,38
Lamar Alexander,139
Lamar Alexander,141
Lamar Alexander,144
Lamar Alexander,145
Lamar Alexander,146
Lamar Alexander,149
Lamar Alexander,151
Lamar Alexander,173
Lamar Alexander,174
Lamar Alexander,175
Lamar Alexander,176
Lamar Alexander,202
Lamar Alexander,203
Lamar Alexander,204
Lamar Alexander,205
Lamar Alexander,213
Lamar Smith,62
Lamar Smith,67
Lamar Smith,82
Lamar Smith,83
Lamar Smith,84
Lamar Smith,105
Lamar Smith,106
Lamar Smith,107
Lamar Smith,108
Lamar Smith,109
Lamar Smith,110
Larry Bucshon,69
Larry Bucshon,70
Larry Bucshon,72
Larry Bucshon,75
Lee M. Zeldin,47
Lee M. Zeldin,50
Lee M. Zeldin,53
Lee M. Zeldin,88
Lee M. Zeldin,90
Lee M. Zeldin,91
Lee M. Zeldin,94
Lee M. Zeldin,111
Lee M. Zeldin,114
Lee M. Zeldin,115
Leonard Lance,69
Leonard Lance,72
Leonard Lance,73
Leonard Lance,74
Linda T. Sánchez,6
Linda T. Sánchez,104
Linda T. Sánchez,116
Linda T. Sánchez,121
Lindsey Graham,139
Lindsey Graham,141
Lindsey Graham,143
Lindsey Graham,144
Lindsey Graham,146
Lindsey Graham,148
Lindsey Graham,149
Lindsey Graham,152
Lindsey Graham,156
Lindsey Graham,157
Lindsey Graham,158
Lindsey Graham,165
Lindsey Graham,206
Lindsey Graham,209
Lindsey Graham,210
Lindsey Graham,211
Lindsey Graham,212
Lisa Murkowski,130
Lisa Murkowski,139
Lisa Murkowski,141
Lisa Murkowski,143
Lisa Murkowski,144
Lisa Murkowski,145
Lisa Murkowski,147
Lisa Murkowski,149
Lisa Murkowski,173
Lisa Murkowski,174
Lisa Murkowski,175
Lisa Murkowski,176
Lisa Murkowski,177
Lisa Murkowski,202
Lisa Murkowski,203
Lisa Murkowski,205
Lloyd Doggett,116
Lloyd Doggett,119
Lloyd Doggett,120
Lloyd Doggett,121
Lois Frankel,47
Lois Frankel,50
Lois Frankel,51
Lois Frankel,88
Lois Frankel,89
Lois Frankel,91
Lois Frankel,92
Lou Barletta,42
Lou Barletta,43
Lou Barletta,45
Lou Barletta,62
Lou Barletta,63
Lou Barletta,67
Lou Barletta,88
Lou Barletta,92
Lou Barletta,93
Lou Barletta,94
Louie Gohmert,76
Louie Gohmert,77
Louie Gohmert,78
Louie Gohmert,80
Louie Gohmert,82
Louie Gohmert,86
Louie Gohmert,87
Louise McIntosh Slaughter,95
Louise McIntosh Slaughter,97
Louise McIntosh Slaughter,123
Lucille Roybal-Allard,14
Lucille Roybal-Allard,19
Lucille Roybal-Allard,20
Lucille Roybal-Allard,21
Luis V. Gutiérrez,82
Luis V. Gutiérrez,83
Luis V. Gutiérrez,86
Luke Messer,35
Luke Messer,39
Luke Messer,40
Luke Messer,42
Luke Messer,43
Luke Messer,45
Lynn Jenkins,116
Lynn Jenkins,118
Lynn Jenkins,120
Mac Thornberry,27
Madeleine Z. Bordallo,27
Madeleine Z. Bordallo,29
Madeleine Z. Bordallo,33
Madeleine Z. Bordallo,76
Madeleine Z. Bordallo,79
Madeleine Z. Bordallo,81
Marc A. Veasey,27
Marc A. Veasey,31
Marc A. Veasey,32
Marc A. Veasey,105
Marc A. Veasey,107
Marc A. Veasey,109
Marcia L. Fudge,7
Marcia L. Fudge,8
Marcia L. Fudge,9
Marcia L. Fudge,42
Marcia L. Fudge,44
Marcia L. Fudge,46
Marco Rubio,131
Marco Rubio,166
Marco Rubio,167
Marco Rubio,169
Marco Rubio,170
Marco Rubio,172
Marco Rubio,190
Marco Rubio,192
Marco Rubio,193
Marco Rubio,194
Marco Rubio,195
Marco Rubio,214
Marcy Kaptur,14
Marcy Kaptur,16
Marcy Kaptur,20
Marcy Kaptur,21
Maria Cantwell,130
Maria Cantwell,166
Maria Cantwell,167
Maria Cantwell,169
Maria Cantwell,171
Maria Cantwell,172
Maria Cantwell,173
Maria Cantwell,174
Maria Cantwell,175
Maria Cantwell,176
Maria Cantwell,177
Maria Cantwell,183
Maria Cantwell,185
Maria Cantwell,187
Maria Cantwell,214
Mario Diaz-Balart,14
Mario Diaz-Balart,16
Mario Diaz-Balart,17
Mario Diaz-Balart,24
Mario Diaz-Balart,41
Mark DeSaulnier,42
Mark DeSaulnier,44
Mark DeSaulnier,45
Mark DeSaulnier,54
Mark DeSaulnier,58
Mark DeSaulnier,60
Mark E. Amodei,14
Mark E. Amodei,18
Mark E. Amodei,25
Mark E. Amodei,26
Mark Meadows,47
Mark Meadows,50
Mark Meadows,52
Mark Meadows,54
Mark Meadows,56
Mark Meadows,58
Mark Meadows,88
Mark Meadows,90
Mark Meadows,92
Mark Meadows,93
Mark Pocan,41
Mark Pocan,42
Mark Pocan,43
Mark Pocan,44
Mark R. Warner,131
Mark R. Warner,159
Mark R. Warner,160
Mark R. Warner,161
Mark R. Warner,162
Mark R. Warner,165
Mark R. Warner,183
Mark R. Warner,185
Mark R. Warner,186
Mark R. Warner,189
Mark R. Warner,213
Mark Sanford,41
Mark Sanford,88
Mark Sanford,89
Mark Sanford,90
Mark Sanford,91
Mark Takano,42
Mark Takano,43
Mark Takano,46
Mark Takano,105
Mark Takano,108
Mark Takano,111
Mark Takano,112
Mark Takano,115
Mark Walker,54
Mark Walker,57
Mark Walker,58
Mark Walker,61
Mark Walker,62
Mark Walker,64
Mark Walker,68
Markwayne Mullin,69
Markwayne Mullin,70
Markwayne Mullin,71
Markwayne Mullin,74
Marsha Blackburn,69
Marsha Blackburn,70
Marsha Blackburn,72
Marsha Blackburn,73
Marsha Blackburn,74
Martha McSally,27
Martha McSally,30
Martha McSally,31
Martha McSally,62
Martha McSally,67
Martha McSally,68
Martha Roby,6
Martha Roby,14
Martha Roby,19
Martha Roby,22
Martha Roby,23
Martin Heinrich,124
Martin Heinrich,131
Martin Heinrich,152
Martin Heinrich,154
Martin Heinrich,155
Martin Heinrich,156
Martin Heinrich,173
Martin Heinrich,174
Martin Heinrich,175
Martin Heinrich,176
Matt Cartwright,14
Maxine Waters,35
Maxine Waters,36
Maxine Waters,37
Maxine Waters,38
Maxine Waters,39
Maxine Waters,40
Mazie K. Hirono,131
Mazie K. Hirono,152
Mazie K. Hirono,153
Mazie K. Hirono,154
Mazie K. Hirono,155
Mazie K. Hirono,173
Mazie K. Hirono,174
Mazie K. Hirono,175
Mazie K. Hirono,177
Mazie K. Hirono,214
Mazie K. Hirono,215
Mia B. Love,35
Mia B. Love,38
Mia B. Love,40
Michael B. Enzi,165
Michael B. Enzi,183
Michael B. Enzi,185
Michael B. Enzi,186
Michael B. Enzi,187
Michael B. Enzi,198
Michael B. Enzi,200
Michael B. Enzi,201
Michael B. Enzi,202
Michael B. Enzi,205
Michael B. Enzi,214
Michael C. Burgess,69
Michael C. Burgess,70
Michael C. Burgess,72
Michael C. Burgess,74
Michael C. Burgess,95
Michael C. Burgess,96
Michael C. Burgess,123
Michael E. Capuano,35
Michael E. Capuano,36
Michael E. Capuano,37
Michael E. Capuano,38
Michael E. Capuano,88
Michael E. Capuano,90
Michael E. Capuano,92
Michael E. Capuano,94
Michael E. Capuano,104
Michael F. Bennet,133
Michael F. Bennet,134
Michael F. Bennet,135
Michael F. Bennet,136
Michael F. Bennet,137
Michael F. Bennet,183
Michael F. Bennet,186
Michael F. Bennet,187
Michael F. Bennet,202
Michael F. Bennet,203
Michael F. Bennet,205
Michael F. Doyle,69
Michael F. Doyle,71
Michael F. Doyle,73
Michael F. Doyle,75
Michael K. Simpson,14
Michael K. Simpson,18
Michael K. Simpson,19
Michael K. Simpson,20
Michael R. Turner,1
Michael R. Turner,4
Michael R. Turner,5
Michael R. Turner,27
Michael R. Turner,31
Michael R. Turner,34
Michael R. Turner,54
Michael R. Turner,60
Michael T. McCaul,47
Michael T. McCaul,49
Michael T. McCaul,62
Michael T. McCaul,63
Michael T. McCaul,64
Michael T. McCaul,65
Michael T. McCaul,66
Michael T. McCaul,67
Michael T. McCaul,68
Michael T. McCaul,105
Michael T. McCaul,106
Michael T. McCaul,107
Michelle Lujan Grisham,7
Michelle Lujan Grisham,8
Michelle Lujan Grisham,10
Michelle Lujan Grisham,41
Michelle Lujan Grisham,54
Michelle Lujan Grisham,58
Mick Mulvaney,35
Mick Mulvaney,37
Mick Mulvaney,38
Mick Mulvaney,40
Mick Mulvaney,54
Mick Mulvaney,56
Mick Mulvaney,58
Mike Bishop,42
Mike Bishop,44
Mike Bishop,46
Mike Bishop,82
Mike Bishop,85
Mike Bishop,86
Mike Bost,7
Mike Bost,10
Mike Bost,11
Mike Bost,88
Mike Bost,89
Mike Bost,92
Mike Bost,94
Mike Bost,111
Mike Bost,114
Mike Bost,115
Mike Coffman,27
Mike Coffman,28
Mike Coffman,34
Mike Coffman,111
Mike Coffman,112
Mike Coffman,113
Mike Crapo,127
Mike Crapo,130
Mike Crapo,159
Mike Crapo,160
Mike Crapo,162
Mike Crapo,163
Mike Crapo,165
Mike Crapo,178
Mike Crapo,179
Mike Crapo,180
Mike Crapo,181
Mike Crapo,183
Mike Crapo,186
Mike Crapo,187
Mike Crapo,189
Mike Kelly,116
Mike Kelly,117
Mike Kelly,120
Mike Kelly,121
Mike Lee,124
Mike Lee,152
Mike Lee,154
Mike Lee,155
Mike Lee,156
Mike Lee,173
Mike Lee,175
Mike Lee,176
Mike Lee,177
Mike Lee,206
Mike Lee,207
Mike Lee,208
Mike Lee,211
Mike Lee,212
Mike Pompeo,1
Mike Pompeo,2
Mike Pompeo,3
Mike Pompeo,6
Mike Pompeo,69
Mike Pompeo,71
Mike Pompeo,73
Mike Pompeo,74
Mike Quigley,1
Mike Quigley,3
Mike Quigley,4
Mike Quigley,14
Mike Quigley,24
Mike Quigley,25
Mike Rogers,7
Mike Rogers,11
Mike Rogers,12
Mike Rogers,27
Mike Rogers,29
Mike Rogers,34
Mike Rogers,62
Mike Rogers,64
Mike Rogers,67
Mike Rounds,152
Mike Rounds,153
Mike Rounds,154
Mike Rounds,155
Mike Rounds,159
Mike Rounds,162
Mike Rounds,163
Mike Rounds,164
Mike Rounds,178
Mike Rounds,180
Mike Rounds,182
Mike Rounds,215
Mike Thompson,116
Mike Thompson,118
Mike Thompson,121
Mimi Walters,82
Mimi Walters,84
Mimi Walters,85
Mimi Walters,88
Mimi Walters,90
Mimi Walters,92
Mimi Walters,94
Mitch McConnell,131
Mitch McConnell,133
Mitch McConnell,135
Mitch McConnell,137
Mitch McConnell,138
Mitch McConnell,139
Mitch McConnell,140
Mitch McConnell,141
Mitch McConnell,145
Mitch McConnell,147
Mitch McConnell,148
Mitch McConnell,149
Mitch McConnell,213
Mo Brooks,27
Mo Brooks,32
Mo Brooks,34
Mo Brooks,47
Mo Brooks,48
Mo Brooks,51
Mo Brooks,105
Mo Brooks,107
Mo Brooks,109
Niki Tsongas,27
Niki Tsongas,28
Niki Tsongas,31
Niki Tsongas,76
Niki Tsongas,77
Niki Tsongas,78
Nita M. Lowey,14
Nita M. Lowey,17
Norma J. Torres,62
Norma J. Torres,66
Norma J. Torres,67
Norma J. Torres,76
Norma J. Torres,79
Norma J. Torres,81
Nydia M. Velázquez,35
Nydia M. Velázquez,36
Nydia M. Velázquez,38
Nydia M. Velázquez,98
Orrin G. Hatch,127
Orrin G. Hatch,132
Orrin G. Hatch,183
Orrin G. Hatch,184
Orrin G. Hatch,185
Orrin G. Hatch,186
Orrin G. Hatch,187
Orrin G. Hatch,188
Orrin G. Hatch,189
Orrin G. Hatch,202
Orrin G. Hatch,203
Orrin G. Hatch,205
Orrin G. Hatch,206
Orrin G. Hatch,207
Orrin G. Hatch,211
Orrin G. Hatch,212
Pat Roberts,125
Pat Roberts,126
Pat Roberts,129
Pat Roberts,133
Pat Roberts,134
Pat Roberts,135
Pat Roberts,136
Pat Roberts,137
Pat Roberts,138
Pat Roberts,183
Pat Roberts,185
Pat Roberts,186
Pat Roberts,188
Pat Roberts,202
Pat Roberts,203
Pat Roberts,204
Pat Roberts,205
Pat Roberts,213
Patrick J. Leahy,125
Patrick J. Leahy,133
Patrick J. Leahy,135
Patrick J. Leahy,137
Patrick J. Leahy,138
Patrick J. Leahy,139
Patrick J. Leahy,140
Patrick J. Leahy,141
Patrick J. Leahy,143
Patrick J. Leahy,144
Patrick J. Leahy,145
Patrick J. Leahy,148
Patrick J. Leahy,206
Patrick J. Leahy,208
Patrick J. Leahy,213
Patrick J. Tiberi,116
Patrick J. Tiberi,118
Patrick J. Tiberi,121
Patrick J. Toomey,159
Patrick J. Toomey,160
Patrick J. Toomey,162
Patrick J. Toomey,164
Patrick J. Toomey,165
Patrick J. Toomey,183
Patrick J. Toomey,184
Patrick J. Toomey,185
Patrick J. Toomey,186
Patrick Meehan,104
Patrick Meehan,116
Patrick Meehan,120
Patrick Meehan,122
Patrick T. McHenry,35
Patrick T. McHenry,37
Patrick T. McHenry,39
Patty Murray,139
Patty Murray,141
Patty Murray,143
Patty Murray,146
Patty Murray,147
Patty Murray,149
Patty Murray,151
Patty Murray,165
Patty Murray,202
Patty Murray,203
Patty Murray,204
Patty Murray,205
Patty Murray,215
Paul A. Gosar,54
Paul A. Gosar,57
Paul A. Gosar,59
Paul A. Gosar,76
Paul A. Gosar,77
Paul A. Gosar,79
Paul A. Gosar,81
Paul Cook,27
Paul Cook,28
Paul Cook,31
Paul Cook,33
Paul Cook,47
Paul Cook,51
Paul Cook,53
Paul Cook,76
Paul Cook,77
Paul Cook,81
Paul Ryan,127
Paul Tonko,69
Paul Tonko,70
Paul Tonko,71
Paul Tonko,75
Paul Tonko,105
Paul Tonko,106
Pete Aguilar,7
Pete Aguilar,8
Pete Aguilar,12
Pete Aguilar,27
Pete Aguilar,32
Pete Aguilar,34
Pete Olson,69
Pete Olson,71
Pete Olson,73
Pete Olson,74
Pete Sessions,95
Pete Sessions,97
Peter A. DeFazio,88
Peter A. DeFazio,89
Peter A. DeFazio,90
Peter A. DeFazio,91
Peter A. DeFazio,92
Peter A. DeFazio,94
Peter J. Roskam,6
Peter J. Roskam,116
Peter J. Roskam,118
Peter J. Roskam,122
Peter J. Visclosky,14
Peter J. Visclosky,16
Peter J. Visclosky,20
Peter T. King,1
Peter T. King,2
Peter T. King,3
Peter T. King,35
Peter T. King,37
Peter T. King,39
Peter T. King,62
Peter T. King,63
Peter T. King,65
Peter Welch,54
Peter Welch,69
Peter Welch,70
Peter Welch,71
Peter Welch,73
Peter Welch,74
Ralph Lee Abraham,7
Ralph Lee Abraham,8
Ralph Lee Abraham,11
Ralph Lee Abraham,105
Ralph Lee Abraham,106
Ralph Lee Abraham,108
Ralph Lee Abraham,111
Ralph Lee Abraham,112
Ralph Lee Abraham,114
Rand Paul,190
Rand Paul,191
Rand Paul,194
Rand Paul,195
Rand Paul,196
Rand Paul,198
Rand Paul,199
Rand Paul,200
Rand Paul,202
Rand Paul,203
Rand Paul,204
Rand Paul,214
Randy Hultgren,35
Randy Hultgren,37
Randy Hultgren,39
Randy Hultgren,105
Randy Hultgren,106
Randy Hultgren,109
Randy K. Weber Sr.,47
Randy K. Weber Sr.,50
Randy K. Weber Sr.,51
Randy K. Weber Sr.,105
Randy K. Weber Sr.,108
Randy K. Weber Sr.,109
Raúl M. Grijalva,42
Raúl M. Grijalva,45
Raúl M. Grijalva,46
Raúl M. Grijalva,76
Raúl M. Grijalva,77
Raúl M. Grijalva,78
Raúl M. Grijalva,79
Raúl M. Grijalva,80
Raúl M. Grijalva,81
Raúl R. Labrador,76
Raúl R. Labrador,77
Raúl R. Labrador,78
Raúl R. Labrador,80
Raúl R. Labrador,82
Raúl R. Labrador,83
Raúl R. Labrador,86
Raul Ruiz,76
Raul Ruiz,79
Raul Ruiz,81
Raul Ruiz,111
Raul Ruiz,112
Raul Ruiz,114
Richard Blumenthal,132
Richard Blumenthal,152
Richard Blumenthal,153
Richard Blumenthal,154
Richard Blumenthal,157
Richard Blumenthal,166
Richard Blumenthal,167
Richard Blumenthal,168
Richard Blumenthal,169
Richard Blumenthal,171
Richard Blumenthal,172
Richard Blumenthal,206
Richard Blumenthal,207
Richard Blumenthal,208
Richard Blumenthal,212
Richard Blumenthal,215
Richard Burr,123
Richard Burr,131
Richard Burr,183
Richard Burr,185
Richard Burr,187
Richard Burr,189
Richard Burr,202
Richard Burr,203
Richard Burr,205
Richard C. Shelby,139
Richard C. Shelby,141
Richard C. Shelby,143
Richard C. Shelby,144
Richard C. Shelby,146
Richard C. Shelby,149
Richard C. Shelby,151
Richard C. Shelby,159
Richard C. Shelby,160
Richard C. Shelby,161
Richard C. Shelby,162
Richard C. Shelby,163
Richard C. Shelby,164
Richard C. Shelby,213
Richard E. Neal,116
Richard E. Neal,120
Richard E. Neal,121
Richard Hudson,69
Richard Hudson,70
Richard Hudson,71
Richard Hudson,75
Richard J. Durbin,139
Richard J. Durbin,141
Richard J. Durbin,146
Richard J. Durbin,148
Richard J. Durbin,149
Richard J. Durbin,150
Richard J. Durbin,151
Richard J. Durbin,206
Richard J. Durbin,208
Richard J. Durbin,209
Richard J. Durbin,212
Richard J. Durbin,213
Richard M. Nolan,7
Richard M. Nolan,10
Richard M. Nolan,13
Richard M. Nolan,88
Richard M. Nolan,89
Richard M. Nolan,90
Richard M. Nolan,92
Richard M. Nolan,94
Rick Larsen,27
Rick Larsen,33
Rick Larsen,34
Rick Larsen,88
Rick Larsen,90
Rick Larsen,94
Rick W. Allen,7
Rick W. Allen,10
Rick W. Allen,11
Rick W. Allen,42
Rick W. Allen,43
Rick W. Allen,45
Rob Bishop,27
Rob Bishop,29
Rob Bishop,34
Rob Bishop,76
Rob Bishop,77
Rob Bishop,78
Rob Bishop,79
Rob Bishop,80
Rob Bishop,81
Rob Portman,165
Rob Portman,173
Rob Portman,174
Rob Portman,176
Rob Portman,177
Rob Portman,183
Rob Portman,186
Rob Portman,188
Rob Portman,189
Rob Portman,198
Rob Portman,199
Rob Portman,201
Rob Woodall,41
Rob Woodall,88
Rob Woodall,90
Rob Woodall,92
Rob Woodall,95
Rob Woodall,96
Robert A. Brady,27
Robert A. Brady,28
Robert A. Brady,61
Robert A. Brady,125
Robert A. Brady,126
Robert Aderholt,123
Robert B. Aderholt,14
Robert B. Aderholt,15
Robert B. Aderholt,16
Robert B. Aderholt,23
"Robert C. ""Bobby"" Scott",42
"Robert C. ""Bobby"" Scott",43
Robert E. Latta,69
Robert E. Latta,71
Robert E. Latta,73
Robert E. Latta,75
Robert J. Wittman,27
Robert J. Wittman,29
Robert J. Wittman,33
Robert J. Wittman,76
Robert J. Wittman,77
Robert J. Wittman,79
Robert Menendez,159
Robert Menendez,160
Robert Menendez,162
Robert Menendez,163
Robert Menendez,183
Robert Menendez,185
Robert Menendez,186
Robert Menendez,190
"Robert P. Casey, Jr.",124
"Robert P. Casey, Jr.",132
"Robert P. Casey, Jr.",133
"Robert P. Casey, Jr.",135
"Robert P. Casey, Jr.",137
"Robert P. Casey, Jr.",138
"Robert P. Casey, Jr.",183
"Robert P. Casey, Jr.",186
"Robert P. Casey, Jr.",187
"Robert P. Casey, Jr.",202
"Robert P. Casey, Jr.",203
"Robert P. Casey, Jr.",204
Robert Pittenger,35
Robert Pittenger,38
Robert Pittenger,40
Robin L. Kelly,47
Robin L. Kelly,49
Robin L. Kelly,53
Robin L. Kelly,54
Robin L. Kelly,55
Robin L. Kelly,57
Rod Blum,41
Rod Blum,54
Rod Blum,57
Rodney Davis,7
Rodney Davis,8
Rodney Davis,9
Rodney Davis,12
Rodney Davis,61
Rodney Davis,88
Rodney Davis,89
Rodney Davis,90
Rodney Davis,92
Rodney P. Frelinghuysen,14
Rodney P. Frelinghuysen,16
Rodney P. Frelinghuysen,20
Rodney P. Frelinghuysen,21
Roger F. Wicker,123
Roger F. Wicker,152
Roger F. Wicker,153
Roger F. Wicker,154
Roger F. Wicker,157
Roger F. Wicker,165
Roger F. Wicker,166
Roger F. Wicker,167
Roger F. Wicker,169
Roger F. Wicker,171
Roger F. Wicker,172
Roger F. Wicker,178
Roger F. Wicker,179
Roger F. Wicker,181
Roger F. Wicker,182
Roger F. Wicker,213
Roger Williams,35
Roger Williams,36
Roger Williams,38
Ron DeSantis,47
Ron DeSantis,49
Ron DeSantis,50
Ron DeSantis,54
Ron DeSantis,55
Ron DeSantis,58
Ron DeSantis,82
Ron DeSantis,84
Ron DeSantis,87
Ron Johnson,165
Ron Johnson,166
Ron Johnson,167
Ron Johnson,169
Ron Johnson,171
Ron Johnson,172
Ron Johnson,190
Ron Johnson,191
Ron Johnson,192
Ron Johnson,194
Ron Johnson,196
Ron Johnson,198
Ron Johnson,199
Ron Johnson,200
Ron Johnson,201
Ron Kind,116
Ron Kind,118
Ron Kind,120
Ron Wyden,127
Ron Wyden,131
Ron Wyden,165
Ron Wyden,173
Ron Wyden,175
Ron Wyden,176
Ron Wyden,177
Ron Wyden,183
Ron Wyden,184
Ron Wyden,185
Ron Wyden,186
Ron Wyden,187
Ron Wyden,188
Ron Wyden,189
Rosa L. DeLauro,14
Rosa L. DeLauro,15
Rosa L. DeLauro,19
Roy Blunt,125
Roy Blunt,126
Roy Blunt,131
Roy Blunt,139
Roy Blunt,140
Roy Blunt,141
Roy Blunt,145
Roy Blunt,146
Roy Blunt,148
Roy Blunt,151
Roy Blunt,166
Roy Blunt,167
Roy Blunt,168
Roy Blunt,171
Roy Blunt,172
Roy Blunt,213
Ruben Gallego,27
Ruben Gallego,29
Ruben Gallego,31
Ruben Gallego,76
Ruben Gallego,77
Ruben Gallego,79
Ruben Gallego,80
Ryan A. Costello,88
Ryan A. Costello,90
Ryan A. Costello,92
Ryan A. Costello,93
Ryan A. Costello,111
Ryan A. Costello,114
Ryan A. Costello,115
Ryan K. Zinke,27
Ryan K. Zinke,32
Ryan K. Zinke,33
Ryan K. Zinke,76
Ryan K. Zinke,77
Ryan K. Zinke,78
Sam Graves,27
Sam Graves,29
Sam Graves,31
Sam Graves,88
Sam Graves,90
Sam Graves,92
Sam Graves,94
Sam Johnson,116
Sam Johnson,117
Sam Johnson,118
Sam Johnson,127
Sander Levin,127
Sander M. Levin,116
Sanford D. Bishop Jr.,14
Sanford D. Bishop Jr.,15
Sanford D. Bishop Jr.,22
Sanford D. Bishop Jr.,25
Scott DesJarlais,7
Scott DesJarlais,10
Scott DesJarlais,13
Scott DesJarlais,47
Scott DesJarlais,48
Scott DesJarlais,52
Scott DesJarlais,54
Scott DesJarlais,58
Scott H. Peters,27
Scott H. Peters,29
Scott H. Peters,33
Scott H. Peters,82
Scott H. Peters,84
Scott H. Peters,85
Scott Perry,47
Scott Perry,48
Scott Perry,53
Scott Perry,62
Scott Perry,65
Scott Perry,66
Scott Perry,88
Scott Perry,92
Scott Perry,93
Scott Perry,94
Scott R. Tipton,35
Scott R. Tipton,37
Scott R. Tipton,38
Sean P. Duffy,35
Sean P. Duffy,37
Sean P. Duffy,39
Sean P. Duffy,124
Sean Patrick Maloney,7
Sean Patrick Maloney,11
Sean Patrick Maloney,12
Sean Patrick Maloney,88
Sean Patrick Maloney,89
Sean Patrick Maloney,90
Sean Patrick Maloney,92
Seth Moulton,27
Seth Moulton,31
Seth Moulton,33
Seth Moulton,41
Seth Moulton,98
Seth Moulton,102
Sheila Jackson Lee,62
Sheila Jackson Lee,65
Sheila Jackson Lee,67
Sheila Jackson Lee,82
Sheila Jackson Lee,83
Sheila Jackson Lee,86
Sheldon Whitehouse,123
Sheldon Whitehouse,128
Sheldon Whitehouse,132
Sheldon Whitehouse,165
Sheldon Whitehouse,178
Sheldon Whitehouse,179
Sheldon Whitehouse,181
Sheldon Whitehouse,182
Sheldon Whitehouse,202
Sheldon Whitehouse,204
Sheldon Whitehouse,205
Sheldon Whitehouse,206
Sheldon Whitehouse,209
Sheldon Whitehouse,210
Sheldon Whitehouse,211
Sheldon Whitehouse,212
Shelley Moore Capito,125
Shelley Moore Capito,139
Shelley Moore Capito,142
Shelley Moore Capito,144
Shelley Moore Capito,146
Shelley Moore Capito,147
Shelley Moore Capito,151
Shelley Moore Capito,173
Shelley Moore Capito,174
Shelley Moore Capito,175
Shelley Moore Capito,176
Shelley Moore Capito,178
Shelley Moore Capito,179
Shelley Moore Capito,181
Shelley Moore Capito,182
Shelley Moore Capito,213
Sherrod Brown,133
Sherrod Brown,134
Sherrod Brown,136
Sherrod Brown,137
Sherrod Brown,159
Sherrod Brown,160
Sherrod Brown,161
Sherrod Brown,162
Sherrod Brown,163
Sherrod Brown,164
Sherrod Brown,183
Sherrod Brown,184
Sherrod Brown,185
Sherrod Brown,215
Stacey E. Plaskett,7
Stacey E. Plaskett,8
Stacey E. Plaskett,13
Stacey E. Plaskett,54
Stacey E. Plaskett,56
Stacey E. Plaskett,59
Stephen F. Lynch,35
Stephen F. Lynch,38
Stephen F. Lynch,39
Stephen F. Lynch,54
Stephen F. Lynch,55
Stephen F. Lynch,56
Stephen Knight,27
Stephen Knight,28
Stephen Knight,31
Stephen Knight,33
Stephen Knight,98
Stephen Knight,99
Stephen Knight,100
Stephen Knight,105
Stephen Knight,107
Stephen Knight,109
Stevan Pearce,35
Stevan Pearce,36
Stevan Pearce,38
Stevan Pearce,40
Steve Chabot,47
Steve Chabot,48
Steve Chabot,50
Steve Chabot,82
Steve Chabot,84
Steve Chabot,86
Steve Chabot,98
Steve Cohen,82
Steve Cohen,84
Steve Cohen,87
Steve Cohen,88
Steve Cohen,90
Steve Cohen,92
Steve Cohen,94
Steve Cohen,123
Steve Daines,130
Steve Daines,139
Steve Daines,140
Steve Daines,141
Steve Daines,145
Steve Daines,148
Steve Daines,151
Steve Daines,166
Steve Daines,168
Steve Daines,170
Steve Daines,171
Steve Daines,172
Steve Daines,173
Steve Daines,174
Steve Daines,175
Steve Daines,177
Steve King,7
Steve King,10
Steve King,13
Steve King,82
Steve King,83
Steve King,87
Steve King,98
Steve King,99
Steve King,101
Steve Russell,27
Steve Russell,29
Steve Russell,33
Steve Russell,42
Steve Russell,44
Steve Russell,46
Steve Russell,54
Steve Russell,55
Steve Russell,59
Steve Scalise,69
Steve Scalise,73
Steve Stivers,35
Steve Stivers,36
Steve Stivers,39
Steve Stivers,95
Steve Stivers,97
Steve Womack,14
Steve Womack,16
Steve Womack,19
Steve Womack,25
Steve Womack,41
Steven M. Palazzo,14
Steven M. Palazzo,15
Steven M. Palazzo,23
Steven M. Palazzo,26
Susan A. Davis,27
Susan A. Davis,28
Susan A. Davis,29
Susan A. Davis,42
Susan A. Davis,45
Susan A. Davis,46
Susan M. Collins,131
Susan M. Collins,132
Susan M. Collins,139
Susan M. Collins,140
Susan M. Collins,141
Susan M. Collins,144
Susan M. Collins,147
Susan M. Collins,149
Susan M. Collins,151
Susan M. Collins,202
Susan M. Collins,205
Susan W. Brooks,6
Susan W. Brooks,69
Susan W. Brooks,70
Susan W. Brooks,72
Susan W. Brooks,74
Susan W. Brooks,104
Suzan K. DelBene,7
Suzan K. DelBene,8
Suzan K. DelBene,9
Suzan K. DelBene,10
Suzan K. DelBene,82
Suzan K. DelBene,84
Suzan K. DelBene,85
Suzanne Bonamici,42
Suzanne Bonamici,43
Suzanne Bonamici,46
Suzanne Bonamici,105
Suzanne Bonamici,106
Suzanne Bonamici,108
Tammy Baldwin,139
Tammy Baldwin,140
Tammy Baldwin,143
Tammy Baldwin,144
Tammy Baldwin,146
Tammy Baldwin,147
Tammy Baldwin,165
Tammy Baldwin,198
Tammy Baldwin,199
Tammy Baldwin,200
Tammy Baldwin,202
Tammy Baldwin,204
Tammy Baldwin,205
Tammy Duckworth,6
Tammy Duckworth,27
Tammy Duckworth,29
Tammy Duckworth,31
Tammy Duckworth,54
Tammy Duckworth,57
Tammy Duckworth,60
Ted Cruz,124
Ted Cruz,152
Ted Cruz,153
Ted Cruz,156
Ted Cruz,158
Ted Cruz,166
Ted Cruz,167
Ted Cruz,168
Ted Cruz,169
Ted Cruz,170
Ted Cruz,172
Ted Cruz,206
Ted Cruz,208
Ted Cruz,209
Ted Cruz,212
Ted Cruz,213
Ted Lieu,41
Ted Lieu,54
Ted Lieu,55
Ted Lieu,57
Ted Poe,47
Ted Poe,51
Ted Poe,53
Ted Poe,82
Ted Poe,84
Ted Poe,86
Ted S. Yoho,7
Ted S. Yoho,8
Ted S. Yoho,9
Ted S. Yoho,13
Ted S. Yoho,47
Ted S. Yoho,49
Ted S. Yoho,50
Terri A. Sewell,1
Terri A. Sewell,4
Terri A. Sewell,5
Terri A. Sewell,35
Terri A. Sewell,39
Terri A. Sewell,40
Thad Cochran,133
Thad Cochran,134
Thad Cochran,135
Thad Cochran,136
Thad Cochran,139
Thad Cochran,140
Thad Cochran,141
Thad Cochran,142
Thad Cochran,143
Thad Cochran,144
Thad Cochran,145
Thad Cochran,146
Thad Cochran,147
Thad Cochran,148
Thad Cochran,149
Thad Cochran,150
Thad Cochran,151
Thad Cochran,213
Theodore E. Deutch,47
Theodore E. Deutch,50
Theodore E. Deutch,51
Theodore E. Deutch,82
Theodore E. Deutch,84
Theodore E. Deutch,87
Theodore E. Deutch,104
Thom Tillis,132
Thom Tillis,133
Thom Tillis,136
Thom Tillis,137
Thom Tillis,138
Thom Tillis,152
Thom Tillis,153
Thom Tillis,157
Thom Tillis,158
Thom Tillis,206
Thom Tillis,207
Thom Tillis,208
Thom Tillis,209
Thom Tillis,211
Thom Tillis,215
Thomas J. Rooney,1
Thomas J. Rooney,2
Thomas J. Rooney,4
Thomas J. Rooney,14
Thomas J. Rooney,15
Thomas J. Rooney,17
Thomas J. Rooney,22
Thomas MacArthur,27
Thomas MacArthur,28
Thomas MacArthur,31
Thomas MacArthur,76
Thomas MacArthur,78
Thomas MacArthur,79
Thomas Massie,54
Thomas Massie,56
Thomas Massie,60
Thomas Massie,88
Thomas Massie,89
Thomas Massie,92
Thomas Massie,93
Thomas Massie,105
Thomas Massie,109
Thomas Massie,110
Thomas R. Carper,178
Thomas R. Carper,179
Thomas R. Carper,180
Thomas R. Carper,181
Thomas R. Carper,182
Thomas R. Carper,183
Thomas R. Carper,186
Thomas R. Carper,187
Thomas R. Carper,198
Thomas R. Carper,199
Thomas R. Carper,200
Thomas R. Carper,201
Tim Kaine,132
Tim Kaine,152
Tim Kaine,153
Tim Kaine,155
Tim Kaine,158
Tim Kaine,165
Tim Kaine,190
Tim Kaine,191
Tim Kaine,193
Tim Kaine,194
Tim Kaine,196
Tim Murphy,69
Tim Murphy,70
Tim Murphy,72
Tim Murphy,75
Tim Ryan,14
Tim Ryan,16
Tim Ryan,24
Tim Ryan,41
Tim Scott,132
Tim Scott,159
Tim Scott,160
Tim Scott,162
Tim Scott,163
Tim Scott,183
Tim Scott,184
Tim Scott,185
Tim Scott,186
Tim Scott,202
Tim Scott,204
Tim Scott,205
Tim Scott,214
Tim Walberg,42
Tim Walberg,43
Tim Walberg,44
Tim Walberg,54
Tim Walberg,56
Tim Walberg,58
Timothy J. Walz,7
Timothy J. Walz,11
Timothy J. Walz,27
Timothy J. Walz,28
Timothy J. Walz,31
Timothy J. Walz,111
Timothy J. Walz,113
Todd C. Young,116
Todd C. Young,120
Todd C. Young,121
Todd Rokita,41
Todd Rokita,42
Todd Rokita,44
Todd Rokita,46
Todd Rokita,88
Todd Rokita,89
Todd Rokita,90
Todd Rokita,94
Tom Cole,14
Tom Cole,16
Tom Cole,18
Tom Cole,19
Tom Cole,41
Tom Cole,95
Tom Cole,125
Tom Cotton,124
Tom Cotton,131
Tom Cotton,132
Tom Cotton,152
Tom Cotton,154
Tom Cotton,157
Tom Cotton,158
Tom Cotton,159
Tom Cotton,161
Tom Cotton,163
Tom Cotton,164
Tom Emmer,35
Tom Emmer,38
Tom Emmer,40
Tom Graves,14
Tom Graves,16
Tom Graves,25
Tom Graves,26
Tom Marino,47
Tom Marino,48
Tom Marino,51
Tom Marino,62
Tom Marino,65
Tom Marino,68
Tom Marino,82
Tom Marino,84
Tom Marino,85
Tom McClintock,41
Tom McClintock,76
Tom McClintock,78
Tom McClintock,79
Tom Price,41
Tom Price,116
Tom Price,118
Tom Reed,116
Tom Reed,119
Tom Reed,121
Tom Reed,122
Tom Rice,116
Tom Rice,117
Tom Rice,119
Tom Rice,122
Tom Udall,123
Tom Udall,126
Tom Udall,130
Tom Udall,139
Tom Udall,140
Tom Udall,141
Tom Udall,145
Tom Udall,147
Tom Udall,149
Tom Udall,166
Tom Udall,167
Tom Udall,168
Tom Udall,170
Tom Udall,171
Tom Udall,172
Tom Udall,190
Tom Udall,192
Tom Udall,193
Tom Udall,195
Tom Udall,197
Tom Udall,213
Tony Cárdenas,69
Tony Cárdenas,72
Tony Cárdenas,74
Tony Cárdenas,75
Trent Franks,27
Trent Franks,32
Trent Franks,34
Trent Franks,82
Trent Franks,84
Trent Franks,87
Trent Kelly,7
Trent Kelly,12
Trent Kelly,13
Trent Kelly,98
Trent Kelly,99
Trent Kelly,103
Trey Gowdy,6
Trey Gowdy,54
Trey Gowdy,56
Trey Gowdy,58
Trey Gowdy,82
Trey Gowdy,83
Trey Gowdy,86
Trey Gowdy,104
Tulsi Gabbard,27
Tulsi Gabbard,29
Tulsi Gabbard,33
Tulsi Gabbard,47
Tulsi Gabbard,48
Tulsi Gabbard,51
Vern Buchanan,116
Vern Buchanan,117
Vern Buchanan,118
Vern Buchanan,119
Vicky Hartzler,7
Vicky Hartzler,8
Vicky Hartzler,13
Vicky Hartzler,27
Vicky Hartzler,29
Vicky Hartzler,30
Vicky Hartzler,33
Vicky Hartzler,41
Virginia Foxx,42
Virginia Foxx,43
Virginia Foxx,45
Virginia Foxx,95
Virginia Foxx,96
Walter B. Jones,27
Walter B. Jones,28
Walter B. Jones,31
Warren Davidson,98
Warren Davidson,100
Warren Davidson,103
Warren Davidson,105
Warren Davidson,107
Warren Davidson,110
Will Hurd,54
Will Hurd,55
Will Hurd,57
Will Hurd,62
Will Hurd,63
Will Hurd,67
William R. Keating,47
William R. Keating,51
William R. Keating,53
William R. Keating,62
William R. Keating,63
William R. Keating,64
Wm. Lacy Clay,35
Wm. Lacy Clay,36
Wm. Lacy Clay,38
Wm. Lacy Clay,54
Wm. Lacy Clay,56
Wm. Lacy Clay,76
Wm. Lacy Clay,80
Xavier Becerra,116
Xavier Becerra,117
Yvette D. Clarke,69
Yvette D. Clarke,70
Yvette D. Clarke,73
Yvette D. Clarke,74
Yvette D. Clarke,98
Yvette D. Clarke,99
Yvette D. Clarke,103
Yvette D. Clarke,104
Zoe Lofgren,61
Zoe Lofgren,82
Zoe Lofgren,83
Zoe Lofgren,84
Zoe Lofgren,105
Zoe Lofgren,107
Zoe Lofgren,110
Zoe Lofgren,125
